{"_id":"5a5cd7091479bd4e7baa4dc5","_class":"com.kingxunlian.invoicelib.schema.InvoiceLibStatisticsSchema","buyerTaxNo":"9111010108548236X9","year":2018,"month":201801,"invoiceLibStatisticsMonthInfoList":[{"buyerTaxNo":"9111010108548236X9","month":201801,"redBlueType":0,"invoiceStatus":"0","invoiceAmountMonthTotal":{"$numberDecimal":"2037856.6000"},"taxAmountMonthTotal":{"$numberDecimal":"159471.5800"},"totalAmountMonthTotal":{"$numberDecimal":"2037856.6000"},"invoiceMonthCount":98},{"buyerTaxNo":"9111010108548236X9","month":201801,"redBlueType":1,"invoiceStatus":"0","invoiceAmountMonthTotal":{"$numberDecimal":"-733.0200"},"taxAmountMonthTotal":{"$numberDecimal":"-43.9800"},"totalAmountMonthTotal":{"$numberDecimal":"-733.0200"},"invoiceMonthCount":1},{"buyerTaxNo":"9111010108548236X9","month":201801,"redBlueType":0,"invoiceStatus":"3","invoiceAmountMonthTotal":{"$numberDecimal":"733.0200"},"taxAmountMonthTotal":{"$numberDecimal":"43.9800"},"totalAmountMonthTotal":{"$numberDecimal":"733.0200"},"invoiceMonthCount":1},{"buyerTaxNo":"9111010108548236X9","month":201801,"redBlueType":0,"invoiceStatus":"2","invoiceAmountMonthTotal":{"$numberDecimal":"151613.3300"},"taxAmountMonthTotal":{"$numberDecimal":"15087.7500"},"totalAmountMonthTotal":{"$numberDecimal":"151613.3300"},"invoiceMonthCount":12}],"invoiceLibStatisticsDayList":[{"buyerTaxNo":"9111010108548236X9","day":20180101,"invoiceLibStatisticsDayInfoList":[]},{"buyerTaxNo":"9111010108548236X9","day":20180102,"invoiceLibStatisticsDayInfoList":[]},{"buyerTaxNo":"9111010108548236X9","day":20180103,"invoiceLibStatisticsDayInfoList":[]},{"buyerTaxNo":"9111010108548236X9","day":20180104,"invoiceLibStatisticsDayInfoList":[]},{"buyerTaxNo":"9111010108548236X9","day":20180105,"invoiceLibStatisticsDayInfoList":[]},{"buyerTaxNo":"9111010108548236X9","day":20180106,"invoiceLibStatisticsDayInfoList":[]},{"buyerTaxNo":"9111010108548236X9","day":20180107,"invoiceLibStatisticsDayInfoList":[]},{"buyerTaxNo":"9111010108548236X9","day":20180108,"invoiceLibStatisticsDayInfoList":[]},{"buyerTaxNo":"9111010108548236X9","day":20180109,"invoiceLibStatisticsDayInfoList":[]},{"buyerTaxNo":"9111010108548236X9","day":20180110,"invoiceLibStatisticsDayInfoList":[]},{"buyerTaxNo":"9111010108548236X9","day":20180111,"invoiceLibStatisticsDayInfoList":[]},{"buyerTaxNo":"9111010108548236X9","day":20180112,"invoiceLibStatisticsDayInfoList":[]},{"buyerTaxNo":"9111010108548236X9","day":20180113,"invoiceLibStatisticsDayInfoList":[{"buyerTaxNo":"9111010108548236X9","day":20180113,"redBlueType":0,"invoiceStatus":"3","invoiceAmountDayTotal":{"$numberDecimal":"733.0200"},"taxAmountDayTotal":{"$numberDecimal":"43.9800"},"totalAmountDayTotal":{"$numberDecimal":"733.0200"},"invoiceDayCount":1},{"buyerTaxNo":"9111010108548236X9","day":20180113,"redBlueType":1,"invoiceStatus":"0","invoiceAmountDayTotal":{"$numberDecimal":"-733.0200"},"taxAmountDayTotal":{"$numberDecimal":"-43.9800"},"totalAmountDayTotal":{"$numberDecimal":"-733.0200"},"invoiceDayCount":1},{"buyerTaxNo":"9111010108548236X9","day":20180113,"redBlueType":0,"invoiceStatus":"2","invoiceAmountDayTotal":{"$numberDecimal":"151613.3300"},"taxAmountDayTotal":{"$numberDecimal":"15087.7500"},"totalAmountDayTotal":{"$numberDecimal":"151613.3300"},"invoiceDayCount":12},{"buyerTaxNo":"9111010108548236X9","day":20180113,"redBlueType":0,"invoiceStatus":"0","invoiceAmountDayTotal":{"$numberDecimal":"2031446.3400"},"taxAmountDayTotal":{"$numberDecimal":"158381.8400"},"totalAmountDayTotal":{"$numberDecimal":"2031446.3400"},"invoiceDayCount":97}]},{"buyerTaxNo":"9111010108548236X9","day":20180114,"invoiceLibStatisticsDayInfoList":[]},{"buyerTaxNo":"9111010108548236X9","day":20180115,"invoiceLibStatisticsDayInfoList":[]},{"buyerTaxNo":"9111010108548236X9","day":20180116,"invoiceLibStatisticsDayInfoList":[]},{"buyerTaxNo":"9111010108548236X9","day":20180117,"invoiceLibStatisticsDayInfoList":[]},{"buyerTaxNo":"9111010108548236X9","day":20180118,"invoiceLibStatisticsDayInfoList":[{"buyerTaxNo":"9111010108548236X9","day":20180118,"redBlueType":0,"invoiceStatus":"0","invoiceAmountDayTotal":{"$numberDecimal":"6410.2600"},"taxAmountDayTotal":{"$numberDecimal":"1089.7400"},"totalAmountDayTotal":{"$numberDecimal":"6410.2600"},"invoiceDayCount":1}]},{"buyerTaxNo":"9111010108548236X9","day":20180119,"invoiceLibStatisticsDayInfoList":[]},{"buyerTaxNo":"9111010108548236X9","day":20180120,"invoiceLibStatisticsDayInfoList":[]},{"buyerTaxNo":"9111010108548236X9","day":20180121,"invoiceLibStatisticsDayInfoList":[]},{"buyerTaxNo":"9111010108548236X9","day":20180122,"invoiceLibStatisticsDayInfoList":[]},{"buyerTaxNo":"9111010108548236X9","day":20180123,"invoiceLibStatisticsDayInfoList":[]},{"buyerTaxNo":"9111010108548236X9","day":20180124,"invoiceLibStatisticsDayInfoList":[]},{"buyerTaxNo":"9111010108548236X9","day":20180125,"invoiceLibStatisticsDayInfoList":[]},{"buyerTaxNo":"9111010108548236X9","day":20180126,"invoiceLibStatisticsDayInfoList":[]},{"buyerTaxNo":"9111010108548236X9","day":20180127,"invoiceLibStatisticsDayInfoList":[]},{"buyerTaxNo":"9111010108548236X9","day":20180128,"invoiceLibStatisticsDayInfoList":[]},{"buyerTaxNo":"9111010108548236X9","day":20180129,"invoiceLibStatisticsDayInfoList":[]},{"buyerTaxNo":"9111010108548236X9","day":20180130,"invoiceLibStatisticsDayInfoList":[]},{"buyerTaxNo":"9111010108548236X9","day":20180131,"invoiceLibStatisticsDayInfoList":[]}]}
